{
  "contentLanguages": [
    {
      "languageCode": "sdp",
      "displayName": "Sherdukpen"
    },
    {
      "languageCode": "ar",
      "displayName": "Tiếng Ả Rập"
    },
    {
      "languageCode": "ab",
      "displayName": "Tiếng Abkhazia"
    },
    {
      "languageCode": "aa",
      "displayName": "Tiếng Afar"
    },
    {
      "languageCode": "af",
      "displayName": "Tiếng Afrikaans"
    },
    {
      "languageCode": "ak",
      "displayName": "Tiếng Akan"
    },
    {
      "languageCode": "akk",
      "displayName": "Tiếng Akkadia"
    },
    {
      "languageCode": "sq",
      "displayName": "Tiếng Albania"
    },
    {
      "languageCode": "am",
      "displayName": "Tiếng Amharic"
    },
    {
      "languageCode": "en",
      "displayName": "Tiếng Anh"
    },
    {
      "languageCode": "arc",
      "displayName": "Tiếng Aramaic"
    },
    {
      "languageCode": "hy",
      "displayName": "Tiếng Armenia"
    },
    {
      "languageCode": "as",
      "displayName": "Tiếng Assam"
    },
    {
      "languageCode": "ay",
      "displayName": "Tiếng Aymara"
    },
    {
      "languageCode": "az",
      "displayName": "Tiếng Azerbaijan"
    },
    {
      "languageCode": "pl",
      "displayName": "Tiếng Ba Lan"
    },
    {
      "languageCode": "fa",
      "displayName": "Tiếng Ba Tư"
    },
    {
      "languageCode": "bm",
      "displayName": "Tiếng Bambara"
    },
    {
      "languageCode": "bn",
      "displayName": "Tiếng Bangla"
    },
    {
      "languageCode": "ba",
      "displayName": "Tiếng Bashkir"
    },
    {
      "languageCode": "eu",
      "displayName": "Tiếng Basque"
    },
    {
      "languageCode": "be",
      "displayName": "Tiếng Belarus"
    },
    {
      "languageCode": "bh",
      "displayName": "Tiếng Bhojpuri"
    },
    {
      "languageCode": "bi",
      "displayName": "Tiếng Bislama"
    },
    {
      "languageCode": "brx",
      "displayName": "Tiếng Bodo"
    },
    {
      "languageCode": "bs",
      "displayName": "Tiếng Bosnia"
    },
    {
      "languageCode": "pt",
      "displayName": "Tiếng Bồ Đào Nha"
    },
    {
      "languageCode": "br",
      "displayName": "Tiếng Breton"
    },
    {
      "languageCode": "bg",
      "displayName": "Tiếng Bulgaria"
    },
    {
      "languageCode": "ca",
      "displayName": "Tiếng Catalan"
    },
    {
      "languageCode": "chr",
      "displayName": "Tiếng Cherokee"
    },
    {
      "languageCode": "cho",
      "displayName": "Tiếng Choctaw"
    },
    {
      "languageCode": "cop",
      "displayName": "Tiếng Coptic"
    },
    {
      "languageCode": "co",
      "displayName": "Tiếng Corsica"
    },
    {
      "languageCode": "cr",
      "displayName": "Tiếng Cree"
    },
    {
      "languageCode": "hr",
      "displayName": "Tiếng Croatia"
    },
    {
      "languageCode": "iw",
      "displayName": "Tiếng Do Thái"
    },
    {
      "languageCode": "doi",
      "displayName": "Tiếng Dogri"
    },
    {
      "languageCode": "dz",
      "displayName": "Tiếng Dzongkha"
    },
    {
      "languageCode": "da",
      "displayName": "Tiếng Đan Mạch"
    },
    {
      "languageCode": "de",
      "displayName": "Tiếng Đức"
    },
    {
      "languageCode": "et",
      "displayName": "Tiếng Estonia"
    },
    {
      "languageCode": "ee",
      "displayName": "Tiếng Ewe"
    },
    {
      "languageCode": "fo",
      "displayName": "Tiếng Faroe"
    },
    {
      "languageCode": "fj",
      "displayName": "Tiếng Fiji"
    },
    {
      "languageCode": "fy",
      "displayName": "Tiếng Frisia"
    },
    {
      "languageCode": "ff",
      "displayName": "Tiếng Fulah"
    },
    {
      "languageCode": "gd",
      "displayName": "Tiếng Gael Scotland"
    },
    {
      "languageCode": "gl",
      "displayName": "Tiếng Galician"
    },
    {
      "languageCode": "lg",
      "displayName": "Tiếng Ganda"
    },
    {
      "languageCode": "ka",
      "displayName": "Tiếng Georgia"
    },
    {
      "languageCode": "gn",
      "displayName": "Tiếng Guarani"
    },
    {
      "languageCode": "gu",
      "displayName": "Tiếng Gujarati"
    },
    {
      "languageCode": "guz",
      "displayName": "Tiếng Gusii"
    },
    {
      "languageCode": "nl",
      "displayName": "Tiếng Hà Lan"
    },
    {
      "languageCode": "ht",
      "displayName": "Tiếng Haiti"
    },
    {
      "languageCode": "ko",
      "displayName": "Tiếng Hàn"
    },
    {
      "languageCode": "ha",
      "displayName": "Tiếng Hausa"
    },
    {
      "languageCode": "haw",
      "displayName": "Tiếng Hawaii"
    },
    {
      "languageCode": "hi",
      "displayName": "Tiếng Hindi"
    },
    {
      "languageCode": "ho",
      "displayName": "Tiếng Hiri Motu"
    },
    {
      "languageCode": "hu",
      "displayName": "Tiếng Hungary"
    },
    {
      "languageCode": "el",
      "displayName": "Tiếng Hy Lạp"
    },
    {
      "languageCode": "is",
      "displayName": "Tiếng Iceland"
    },
    {
      "languageCode": "ig",
      "displayName": "Tiếng Igbo"
    },
    {
      "languageCode": "id",
      "displayName": "Tiếng Indonesia"
    },
    {
      "languageCode": "ie",
      "displayName": "Tiếng Interlingue"
    },
    {
      "languageCode": "iu",
      "displayName": "Tiếng Inuktitut"
    },
    {
      "languageCode": "ik",
      "displayName": "Tiếng Inupiaq"
    },
    {
      "languageCode": "ga",
      "displayName": "Tiếng Ireland"
    },
    {
      "languageCode": "it",
      "displayName": "Tiếng Italy"
    },
    {
      "languageCode": "jv",
      "displayName": "Tiếng Java"
    },
    {
      "languageCode": "kl",
      "displayName": "Tiếng Kalaallisut"
    },
    {
      "languageCode": "kln",
      "displayName": "Tiếng Kalenjin"
    },
    {
      "languageCode": "kam",
      "displayName": "Tiếng Kamba"
    },
    {
      "languageCode": "kn",
      "displayName": "Tiếng Kannada"
    },
    {
      "languageCode": "ks",
      "displayName": "Tiếng Kashmir"
    },
    {
      "languageCode": "kk",
      "displayName": "Tiếng Kazakh"
    },
    {
      "languageCode": "hak",
      "displayName": "Tiếng Khách Gia"
    },
    {
      "languageCode": "km",
      "displayName": "Tiếng Khmer"
    },
    {
      "languageCode": "ia",
      "displayName": "Tiếng Khoa Học Quốc Tế"
    },
    {
      "languageCode": "ki",
      "displayName": "Tiếng Kikuyu"
    },
    {
      "languageCode": "rw",
      "displayName": "Tiếng Kinyarwanda"
    },
    {
      "languageCode": "tlh",
      "displayName": "Tiếng Klingon"
    },
    {
      "languageCode": "kok",
      "displayName": "Tiếng Konkani"
    },
    {
      "languageCode": "ku",
      "displayName": "Tiếng Kurd"
    },
    {
      "languageCode": "ky",
      "displayName": "Tiếng Kyrgyz"
    },
    {
      "languageCode": "la",
      "displayName": "Tiếng La-tinh"
    },
    {
      "languageCode": "lad",
      "displayName": "Tiếng Ladino"
    },
    {
      "languageCode": "lo",
      "displayName": "Tiếng Lào"
    },
    {
      "languageCode": "lv",
      "displayName": "Tiếng Latvia"
    },
    {
      "languageCode": "ln",
      "displayName": "Tiếng Lingala"
    },
    {
      "languageCode": "lt",
      "displayName": "Tiếng Litva"
    },
    {
      "languageCode": "lu",
      "displayName": "Tiếng Luba-Katanga"
    },
    {
      "languageCode": "luo",
      "displayName": "Tiếng Luo"
    },
    {
      "languageCode": "lus",
      "displayName": "Tiếng Lushai"
    },
    {
      "languageCode": "lb",
      "displayName": "Tiếng Luxembourg"
    },
    {
      "languageCode": "luy",
      "displayName": "Tiếng Luyia"
    },
    {
      "languageCode": "ms",
      "displayName": "Tiếng Mã Lai"
    },
    {
      "languageCode": "mk",
      "displayName": "Tiếng Macedonia"
    },
    {
      "languageCode": "mai",
      "displayName": "Tiếng Maithili"
    },
    {
      "languageCode": "mg",
      "displayName": "Tiếng Malagasy"
    },
    {
      "languageCode": "ml",
      "displayName": "Tiếng Malayalam"
    },
    {
      "languageCode": "mt",
      "displayName": "Tiếng Malta"
    },
    {
      "languageCode": "mni",
      "displayName": "Tiếng Manipuri"
    },
    {
      "languageCode": "mi",
      "displayName": "Tiếng Māori"
    },
    {
      "languageCode": "mr",
      "displayName": "Tiếng Marathi"
    },
    {
      "languageCode": "mas",
      "displayName": "Tiếng Masai"
    },
    {
      "languageCode": "nan",
      "displayName": "Tiếng Mân Nam"
    },
    {
      "languageCode": "mer",
      "displayName": "Tiếng Meru"
    },
    {
      "languageCode": "my",
      "displayName": "Tiếng Miến Điện"
    },
    {
      "languageCode": "mxp",
      "displayName": "Tiếng Mixe"
    },
    {
      "languageCode": "mn",
      "displayName": "Tiếng Mông Cổ"
    },
    {
      "languageCode": "no",
      "displayName": "Tiếng Na Uy"
    },
    {
      "languageCode": "na",
      "displayName": "Tiếng Nauru"
    },
    {
      "languageCode": "nv",
      "displayName": "Tiếng Navajo"
    },
    {
      "languageCode": "nd",
      "displayName": "Tiếng Ndebele Miền Bắc"
    },
    {
      "languageCode": "nr",
      "displayName": "Tiếng Ndebele Miền Nam"
    },
    {
      "languageCode": "ne",
      "displayName": "Tiếng Nepal"
    },
    {
      "languageCode": "ru",
      "displayName": "Tiếng Nga"
    },
    {
      "languageCode": "ja",
      "displayName": "Tiếng Nhật"
    },
    {
      "languageCode": "pcm",
      "displayName": "Tiếng Nigeria Pidgin"
    },
    {
      "languageCode": "oc",
      "displayName": "Tiếng Occitan"
    },
    {
      "languageCode": "or",
      "displayName": "Tiếng Odia"
    },
    {
      "languageCode": "om",
      "displayName": "Tiếng Oromo"
    },
    {
      "languageCode": "pap",
      "displayName": "Tiếng Papiamento"
    },
    {
      "languageCode": "ps",
      "displayName": "Tiếng Pashto"
    },
    {
      "languageCode": "sa",
      "displayName": "Tiếng Phạn"
    },
    {
      "languageCode": "fr",
      "displayName": "Tiếng Pháp"
    },
    {
      "languageCode": "fi",
      "displayName": "Tiếng Phần Lan"
    },
    {
      "languageCode": "fil",
      "displayName": "Tiếng Philippines"
    },
    {
      "languageCode": "pa",
      "displayName": "Tiếng Punjab"
    },
    {
      "languageCode": "qu",
      "displayName": "Tiếng Quechua"
    },
    {
      "languageCode": "eo",
      "displayName": "Tiếng Quốc Tế Ngữ"
    },
    {
      "languageCode": "ro",
      "displayName": "Tiếng Romania"
    },
    {
      "languageCode": "mo",
      "displayName": "Tiếng Romania (Moldova)"
    },
    {
      "languageCode": "rm",
      "displayName": "Tiếng Romansh"
    },
    {
      "languageCode": "rn",
      "displayName": "Tiếng Rundi"
    },
    {
      "languageCode": "sm",
      "displayName": "Tiếng Samoa"
    },
    {
      "languageCode": "sg",
      "displayName": "Tiếng Sango"
    },
    {
      "languageCode": "sat",
      "displayName": "Tiếng Santali"
    },
    {
      "languageCode": "sc",
      "displayName": "Tiếng Sardinia"
    },
    {
      "languageCode": "cs",
      "displayName": "Tiếng Séc"
    },
    {
      "languageCode": "sr",
      "displayName": "Tiếng Serbia"
    },
    {
      "languageCode": "sh",
      "displayName": "Tiếng Serbo-Croatia"
    },
    {
      "languageCode": "sn",
      "displayName": "Tiếng Shona"
    },
    {
      "languageCode": "scn",
      "displayName": "Tiếng Sicilia"
    },
    {
      "languageCode": "sd",
      "displayName": "Tiếng Sindhi"
    },
    {
      "languageCode": "si",
      "displayName": "Tiếng Sinhala"
    },
    {
      "languageCode": "sk",
      "displayName": "Tiếng Slovak"
    },
    {
      "languageCode": "sl",
      "displayName": "Tiếng Slovenia"
    },
    {
      "languageCode": "so",
      "displayName": "Tiếng Somali"
    },
    {
      "languageCode": "nso",
      "displayName": "Tiếng Sotho Miền Bắc"
    },
    {
      "languageCode": "st",
      "displayName": "Tiếng Sotho Miền Nam"
    },
    {
      "languageCode": "su",
      "displayName": "Tiếng Sunda"
    },
    {
      "languageCode": "sw",
      "displayName": "Tiếng Swahili"
    },
    {
      "languageCode": "ss",
      "displayName": "Tiếng Swati"
    },
    {
      "languageCode": "tl",
      "displayName": "Tiếng Tagalog"
    },
    {
      "languageCode": "tg",
      "displayName": "Tiếng Tajik"
    },
    {
      "languageCode": "ta",
      "displayName": "Tiếng Tamil"
    },
    {
      "languageCode": "tt",
      "displayName": "Tiếng Tatar"
    },
    {
      "languageCode": "es",
      "displayName": "Tiếng Tây Ban Nha"
    },
    {
      "languageCode": "bo",
      "displayName": "Tiếng Tây Tạng"
    },
    {
      "languageCode": "te",
      "displayName": "Tiếng Telugu"
    },
    {
      "languageCode": "th",
      "displayName": "Tiếng Thái"
    },
    {
      "languageCode": "tr",
      "displayName": "Tiếng Thổ Nhĩ Kỳ"
    },
    {
      "languageCode": "sv",
      "displayName": "Tiếng Thụy Điển"
    },
    {
      "languageCode": "ti",
      "displayName": "Tiếng Tigrinya"
    },
    {
      "languageCode": "tpi",
      "displayName": "Tiếng Tok Pisin"
    },
    {
      "languageCode": "tok",
      "displayName": "Tiếng Toki Pona"
    },
    {
      "languageCode": "to",
      "displayName": "Tiếng Tonga"
    },
    {
      "languageCode": "zh",
      "displayName": "Tiếng Trung (giản thể)"
    },
    {
      "languageCode": "zh-TW",
      "displayName": "Tiếng Trung (phồn thể)"
    },
    {
      "languageCode": "ts",
      "displayName": "Tiếng Tsonga"
    },
    {
      "languageCode": "tn",
      "displayName": "Tiếng Tswana"
    },
    {
      "languageCode": "tk",
      "displayName": "Tiếng Turkmen"
    },
    {
      "languageCode": "tw",
      "displayName": "Tiếng Twi"
    },
    {
      "languageCode": "uk",
      "displayName": "Tiếng Ukraina"
    },
    {
      "languageCode": "ur",
      "displayName": "Tiếng Urdu"
    },
    {
      "languageCode": "ug",
      "displayName": "Tiếng Uyghur"
    },
    {
      "languageCode": "uz",
      "displayName": "Tiếng Uzbek"
    },
    {
      "languageCode": "ve",
      "displayName": "Tiếng Venda"
    },
    {
      "languageCode": "vi",
      "displayName": "Tiếng Việt"
    },
    {
      "languageCode": "vo",
      "displayName": "Tiếng Volapük"
    },
    {
      "languageCode": "wal",
      "displayName": "Tiếng Walamo"
    },
    {
      "languageCode": "cy",
      "displayName": "Tiếng Wales"
    },
    {
      "languageCode": "wo",
      "displayName": "Tiếng Wolof"
    },
    {
      "languageCode": "xh",
      "displayName": "Tiếng Xhosa"
    },
    {
      "languageCode": "yi",
      "displayName": "Tiếng Yiddish"
    },
    {
      "languageCode": "yo",
      "displayName": "Tiếng Yoruba"
    },
    {
      "languageCode": "zu",
      "displayName": "Tiếng Zulu"
    },
    {
      "languageCode": "vro",
      "displayName": "vro"
    }
  ]
}